annee_numero_de_tirage;date_de_tirage;date_de_forclusion;boule1;boule2;boule3;boule4;boule5;boule6;boule7;boule8;boule9;boule10;boule11;boule12;boule13;boule14;boule15;boule16;multiplicateur;numero_jokerplus;devise;
26081;10/02/2026;12/05/2026;12;13;17;20;22;23;26;27;39;42;45;48;50;52;55;56;2;4203239;eur;
26080;09/02/2026;11/05/2026;1;3;4;9;11;12;14;15;25;31;36;39;45;46;53;55;2;5125718;eur;
26077;08/02/2026;10/05/2026;2;7;13;19;21;23;26;29;35;40;43;44;51;52;53;56;5;1942413;eur;
26076;07/02/2026;09/05/2026;2;3;4;7;9;12;14;23;27;31;39;42;45;46;49;53;2;2503267;eur;
26073;06/02/2026;08/05/2026;1;3;7;9;12;13;14;16;30;35;41;42;44;46;52;55;2;4531914;eur;
26072;05/02/2026;07/05/2026;4;6;7;12;14;19;25;28;36;38;44;46;48;50;52;55;2;0831713;eur;
26069;04/02/2026;06/05/2026;8;11;14;16;17;18;19;23;25;27;28;40;42;50;54;56;3;3605314;eur;
26068;03/02/2026;05/05/2026;1;2;11;13;16;17;18;20;26;31;37;38;39;41;44;53;2;0242344;eur;
26065;02/02/2026;04/05/2026;5;8;10;13;16;24;26;34;41;44;47;48;49;51;54;55;2;3828243;eur;
26064;01/02/2026;03/05/2026;1;9;10;12;20;21;25;36;42;43;46;50;51;52;55;56;2;3498506;eur;
26061;31/01/2026;02/05/2026;1;5;6;10;11;14;18;21;24;26;31;41;42;49;51;53;3;4965542;eur;
26060;30/01/2026;01/05/2026;1;2;9;14;16;19;23;24;30;32;36;37;41;42;48;56;2;7446172;eur;
26057;29/01/2026;30/04/2026;3;10;16;17;21;25;27;29;31;32;34;41;44;46;54;55;2;6665189;eur;
26056;28/01/2026;29/04/2026;3;5;11;14;16;22;24;27;28;29;33;46;48;49;50;51;2;7398761;eur;
26053;27/01/2026;28/04/2026;1;8;9;10;11;17;21;24;27;29;40;41;45;48;53;55;2;6447178;eur;
26052;26/01/2026;27/04/2026;1;6;14;21;22;24;28;29;37;38;44;47;49;50;55;56;2;0702444;eur;
26049;25/01/2026;26/04/2026;4;10;12;13;16;19;20;23;26;27;31;34;35;36;39;53;2;3807080;eur;
26048;24/01/2026;25/04/2026;2;4;7;14;17;18;19;25;26;28;29;37;41;45;48;49;3;0299653;eur;
26045;23/01/2026;24/04/2026;7;9;13;14;23;24;25;27;32;34;39;40;41;50;53;56;2;1474099;eur;
26044;22/01/2026;23/04/2026;2;6;8;13;16;29;33;36;37;42;44;45;46;47;49;54;2;5348149;eur;
26041;21/01/2026;22/04/2026;4;6;10;11;16;27;28;29;30;40;41;42;46;47;51;52;2;5789749;eur;
26040;20/01/2026;21/04/2026;1;7;10;17;19;20;26;28;32;36;38;42;46;49;51;56;2;3384116;eur;
26037;19/01/2026;20/04/2026;4;6;7;11;13;15;17;19;22;30;34;35;51;53;54;55;2;7896198;eur;
26036;18/01/2026;19/04/2026;4;7;8;13;16;17;19;20;21;24;27;28;31;33;50;54;3;2454207;eur;
26033;17/01/2026;18/04/2026;1;12;13;15;18;19;25;28;31;35;37;38;39;48;49;55;2;9233239;eur;
26032;16/01/2026;17/04/2026;4;7;9;12;14;17;19;29;34;35;38;44;46;49;53;55;5;7912839;eur;
26029;15/01/2026;16/04/2026;2;7;8;10;12;14;20;21;26;27;33;38;40;42;44;45;2;8411009;eur;
26028;14/01/2026;15/04/2026;1;2;3;6;9;11;19;31;33;37;39;40;47;49;50;55;2;8333910;eur;
26025;13/01/2026;14/04/2026;2;3;6;12;19;20;29;31;41;46;47;48;50;52;53;54;2;1880854;eur;
26024;12/01/2026;13/04/2026;2;4;14;15;16;18;20;21;23;26;27;30;34;35;45;54;2;3010645;eur;
26021;11/01/2026;12/04/2026;13;14;19;23;24;25;26;27;34;35;39;41;44;46;47;51;3;9284447;eur;
26020;10/01/2026;11/04/2026;2;9;12;14;20;21;24;32;35;38;41;42;44;48;54;55;3;2421113;eur;
26017;09/01/2026;10/04/2026;7;10;13;15;19;23;26;30;32;34;37;40;41;45;50;51;2;1295435;eur;
26016;08/01/2026;09/04/2026;2;7;11;13;23;27;31;32;33;37;39;41;43;47;48;49;2;3458942;eur;
26013;07/01/2026;08/04/2026;1;5;10;11;13;14;20;23;28;30;35;38;43;47;49;56;2;6276239;eur;
26012;06/01/2026;07/04/2026;7;12;17;19;22;23;24;26;34;37;38;42;44;45;48;55;5;2116134;eur;
26009;05/01/2026;06/04/2026;1;4;10;12;13;19;28;31;37;41;47;48;49;50;51;55;3;5052343;eur;
26008;04/01/2026;05/04/2026;2;14;16;17;22;24;28;31;32;33;34;35;39;42;45;53;2;5695818;eur;
26005;03/01/2026;04/04/2026;3;8;12;13;15;18;20;23;24;29;34;35;38;50;52;55;2;4867636;eur;
26004;02/01/2026;03/04/2026;2;3;4;9;10;13;14;17;19;27;30;35;38;40;43;55;2;5759020;eur;
26001;01/01/2026;02/04/2026;1;10;13;17;18;20;23;26;27;31;38;39;40;43;49;53;2;2018218;eur;
25671;31/12/2025;01/04/2026;3;8;9;12;15;17;21;24;29;30;31;32;41;44;50;54;2;7262753;eur;
25670;30/12/2025;31/03/2026;2;4;7;9;10;17;19;21;22;25;27;30;40;43;50;56;2;8728300;eur;
25669;29/12/2025;30/03/2026;10;16;17;19;21;23;26;33;39;41;43;44;46;50;53;55;2;7710575;eur;
25668;28/12/2025;29/03/2026;4;8;9;13;16;19;23;28;33;35;36;46;48;50;52;53;2;6925369;eur;
25667;27/12/2025;28/03/2026;1;3;5;7;14;19;26;30;31;39;43;47;51;52;54;55;2;2923189;eur;
25666;26/12/2025;27/03/2026;6;10;12;23;25;28;30;33;35;36;41;43;46;51;53;55;3;4484010;eur;
25665;25/12/2025;26/03/2026;2;3;4;9;13;15;18;23;24;27;28;34;41;47;49;56;3;1869455;eur;
25664;24/12/2025;25/03/2026;1;2;4;7;14;26;27;30;44;45;46;48;49;52;54;56;2;3021193;eur;
25663;23/12/2025;24/03/2026;1;3;5;7;10;13;22;23;26;34;36;39;41;43;44;46;2;6892228;eur;
25662;22/12/2025;23/03/2026;6;8;11;20;28;32;34;35;37;43;44;45;47;48;50;52;2;4975307;eur;
25661;21/12/2025;22/03/2026;1;2;4;6;14;19;21;25;28;29;33;38;40;41;44;52;3;0248002;eur;
25660;20/12/2025;21/03/2026;3;7;9;12;14;21;22;27;28;30;34;38;40;47;50;53;5;9230127;eur;
25659;19/12/2025;20/03/2026;3;5;6;12;14;15;16;24;27;30;43;48;49;50;51;56;2;4045030;eur;
25658;18/12/2025;19/03/2026;1;8;12;17;22;24;25;32;35;37;43;45;50;51;52;53;2;0060976;eur;
25657;17/12/2025;18/03/2026;4;9;13;15;17;21;26;33;34;36;47;49;50;51;52;53;3;6613387;eur;
25656;16/12/2025;17/03/2026;1;5;6;8;9;11;13;16;25;28;32;37;46;47;55;56;3;2815323;eur;
25655;15/12/2025;16/03/2026;3;5;6;8;10;16;17;18;20;25;29;33;35;47;50;52;2;7741512;eur;
25654;14/12/2025;15/03/2026;4;9;11;13;15;17;19;20;23;29;31;38;41;46;48;53;3;9045064;eur;
25653;13/12/2025;14/03/2026;3;9;11;12;13;19;22;24;25;30;31;39;43;45;46;55;3;9160925;eur;
25652;12/12/2025;13/03/2026;5;7;10;17;23;28;29;30;32;35;37;40;41;48;53;55;2;1606501;eur;
25651;11/12/2025;12/03/2026;10;13;15;18;19;22;24;25;27;36;40;47;49;51;52;53;2;5786551;eur;
25650;10/12/2025;11/03/2026;2;4;7;8;12;17;20;21;27;33;34;35;36;44;48;56;2;3318305;eur;
25649;09/12/2025;10/03/2026;3;10;13;19;21;31;33;36;37;38;40;41;42;45;51;52;2;5228539;eur;
25648;08/12/2025;09/03/2026;2;4;5;15;22;26;28;35;38;45;49;52;53;54;55;56;3;6292411;eur;
25647;07/12/2025;08/03/2026;2;3;10;11;18;21;26;28;30;32;33;40;46;47;53;55;2;6579283;eur;
25646;06/12/2025;07/03/2026;6;7;9;17;19;23;24;25;31;32;34;38;42;43;47;49;2;1146747;eur;
25645;05/12/2025;06/03/2026;3;8;24;29;30;33;38;39;40;43;46;47;49;50;51;53;3;4783635;eur;
25644;04/12/2025;05/03/2026;3;13;14;22;25;28;31;32;34;36;39;42;47;51;53;55;2;1047966;eur;
25643;03/12/2025;04/03/2026;1;4;10;13;14;15;20;21;25;26;29;34;35;46;47;56;2;4705599;eur;
25642;02/12/2025;03/03/2026;5;9;14;18;20;22;25;27;28;30;32;36;43;49;51;56;2;7331870;eur;
25641;01/12/2025;02/03/2026;2;9;11;22;24;30;32;37;38;40;41;43;46;50;53;55;2;6699226;eur;
25640;30/11/2025;01/03/2026;1;6;7;8;9;10;18;19;22;28;31;44;45;48;49;52;2;4971445;eur;
25639;29/11/2025;28/02/2026;4;7;11;15;16;23;24;30;32;34;37;39;44;48;53;56;2;5805433;eur;
25638;28/11/2025;27/02/2026;12;19;20;21;22;26;27;31;33;36;41;42;44;45;50;54;2;2534186;eur;
25637;27/11/2025;26/02/2026;1;7;9;14;21;27;28;29;34;36;37;40;42;45;46;47;2;6263784;eur;
25636;26/11/2025;25/02/2026;1;4;5;8;9;12;14;15;20;22;32;36;39;42;53;55;2;3277097;eur;
25635;25/11/2025;24/02/2026;2;4;7;8;17;18;19;20;28;30;31;37;42;47;48;51;2;0081242;eur;
25634;24/11/2025;23/02/2026;6;7;13;15;16;24;25;30;33;37;38;39;42;51;52;54;3;7046828;eur;
25633;23/11/2025;22/02/2026;2;4;7;9;12;17;19;25;27;37;38;41;42;44;51;56;3;3605915;eur;
25632;22/11/2025;21/02/2026;1;4;5;10;15;18;21;24;31;34;35;38;41;47;49;54;3;0313864;eur;
25631;21/11/2025;20/02/2026;3;8;10;11;14;19;25;27;33;34;38;41;42;44;46;54;2;1804898;eur;
25630;20/11/2025;19/02/2026;3;5;6;9;19;24;29;30;32;36;39;41;44;47;48;56;2;1628350;eur;
25629;19/11/2025;18/02/2026;1;3;7;8;9;13;25;27;28;33;35;37;41;44;46;56;5;9278459;eur;
25628;18/11/2025;17/02/2026;4;7;14;21;23;27;30;35;37;39;43;44;47;52;53;54;2;3276246;eur;
25627;17/11/2025;16/02/2026;4;11;13;16;17;18;19;21;23;27;30;32;33;35;37;52;3;6277188;eur;
25626;16/11/2025;15/02/2026;1;2;6;7;13;14;23;31;38;41;43;45;47;50;52;53;2;3960402;eur;
25625;15/11/2025;14/02/2026;3;4;5;7;10;17;18;19;24;28;30;36;39;40;52;54;2;0681290;eur;
25624;14/11/2025;13/02/2026;1;7;11;13;14;19;20;25;27;30;40;43;45;51;52;55;3;8009282;eur;
25623;13/11/2025;12/02/2026;4;11;13;16;26;35;36;37;38;42;44;49;50;52;54;55;2;6310548;eur;
25622;12/11/2025;11/02/2026;5;6;8;11;23;24;26;27;33;41;42;44;45;46;52;56;2;0619618;eur;
25621;11/11/2025;10/02/2026;8;12;17;21;26;27;29;30;35;37;38;39;40;41;48;49;2;7696349;eur;
25620;10/11/2025;09/02/2026;4;8;9;11;13;28;30;39;40;46;48;50;51;54;55;56;2;0076289;eur;
25619;09/11/2025;08/02/2026;2;7;23;26;29;31;33;36;41;45;47;48;49;51;54;55;2;3308076;eur;
25618;08/11/2025;07/02/2026;3;9;14;17;21;24;29;30;31;32;40;42;43;49;50;54;2;5817393;eur;
25617;07/11/2025;06/02/2026;7;11;12;14;17;21;27;30;37;38;40;42;46;47;48;54;5;5932755;eur;
25616;06/11/2025;05/02/2026;7;9;11;15;20;22;28;29;31;36;38;41;42;45;49;51;2;1399790;eur;
25615;05/11/2025;04/02/2026;1;3;6;10;11;13;17;21;26;27;28;40;46;48;52;53;2;1519252;eur;
25614;04/11/2025;03/02/2026;1;7;9;10;12;15;25;28;29;30;32;37;38;41;43;51;2;9840944;eur;
25613;03/11/2025;02/02/2026;3;11;15;16;17;18;19;29;30;35;39;42;43;48;49;51;2;2413661;eur;
